,coef,se,pval
const,0.8063466008791248,0.530310833317746,0.1283811067188458
gain_t,-0.014182341808565386,0.007804953575641433,0.0692025742978357
