,variable,VIF
0,const,29.293954172370295
1,gain_t,116.15034553224508
2,gain_lag1,236.6274064218134
3,gain_lag2,115.14576818128619
