,variable,VIF
0,const,29.073526943898774
1,gain_t,120.11625434813133
2,gain_lag1,120.11625434813133
