spec,theta,se,pval
lag1,0.4607589973175241,0.33710072376720807,0.1716789551307546
