spec,theta,se,pval
dml_gain_diff1,-0.3383562630692811,0.2689074250302263,0.2082966579185681
dml_gain_diff1_lag1,0.03590895548790815,0.05136747549265509,0.4845144367551204
