term,coef,se,pval
gain_lag1,0.4022429729019456,0.2567106624482466,0.117135302989381
gain_lag1_x_bgr_event,2.214940227034738,0.050811870993000566,0.0
