spec,theta,se,pval
pooled,0.34682575968960616,0.2812348209763999,0.2174919000940182
mundlak,-0.034804738371167016,0.021237227626079387,0.10124344489192784
