,pca_gdp_pc1,pca_gdp_pc2
ln_gdp_per_capita_lag1,-0.7071067811865471,0.7071067811865479
gdp_annual_growth_rate_lag1,0.7071067811865479,0.7071067811865471
