spec,theta,se,pval
vul_pooled_lag1_core,0.537516323046447,1.8274590289676116,0.7686561429286063
