spec,theta,se,pval
vul_pooled_lag1_bgr_event,0.537516323046446,1.8274590289676116,0.7686561429286064
