spec,theta,se,pval
vul_pooled_lag1_no_bgr,0.7828450365503402,1.4040091434011626,0.5771323752973403
