spec,theta,se,pval
vul_mundlak,52.85139569803885,50.14392172164332,0.29188563614178265
