spec,theta,se,pval
vul_fe_within,30.9450558211367,25.226282208731348,0.2199357338461495
