spec,theta,se,pval
vul_med_bin_pooled_event,-1.3307293956306878,1.114503136542933,0.23247352794080345
