spec,theta,se,pval
vul_med_bin_pooled_no_bgr,-0.30470384420345203,0.20672292584786833,0.14048907844459993
