spec,theta,se,pval,treated_count,n_rows
vul_med_bin_pooled,-1.1788321100728556,0.9735771466042585,0.22596226052400759,734,1535
