theta,se,pval,p_oos_r2_med,m_oos_r2_med,n_rows
-26.669829239337584,16.122343919199746,0.0980837594161887,0.8120303161213684,0.8290228440065358,1499
