spec,theta,se,pval
foldwise_pca,-0.0410822352956688,0.49425774097702574,0.933756876280806
