spec,theta,se,pval
fe_within,92.66096871389396,80.92135992289299,0.25217838484678
