spec,theta,se,pval
mundlak,113.23297789748483,107.70946266118489,0.29312926823352103
