spec,theta,se,pval
vul_pooled_lag1,-50.60059133308741,40.41735263538134,0.21058730209177
