spec,theta,se,pval
vul_pooled_lag1_bgr_event,-29.292937035484155,23.560821494210064,0.21376093658267314
