spec,theta,se,pval
vul_pooled_lag1_no_bgr,-4.868144087053373,3.859544865391263,0.20719143608109092
