percentile_cutoff,global_cutoff_value,prevalence_%,AME_pp_per_1sd,SE_pp,p_value,N,countries,years,BH_q_value
0.85,4.795174354848047,15.028901734104046,0.2602485677289671,3.0530239621544353,0.9320682980565314,1038,56,23,0.9320682980565314
0.9,6.085956470598352,10.01926782273603,-0.9647519477560343,2.5391661701876935,0.703983770043656,1038,56,23,0.9320682980565314
0.95,9.374343172380476,5.009633911368015,0.2777361641231909,1.1283153916732578,0.8055652063225132,1038,56,23,0.9320682980565314
0.975,11.875451625570305,2.5048169556840074,-2.70314881215227,2.8306010899550946,0.33959113720188794,1038,56,23,0.8489778430047199
0.99,14.17935695861549,1.0597302504816954,-2.477282946403795,1.743057892319692,0.15525044310706337,1038,56,23,0.7762522155353169
