percentile_cutoff,prevalence_%,AME_pp_per_1sd,SE_pp,p_value,N,countries,years,BH_q_value
0.8,13.48747591522158,0.2936405112390725,2.731538341397905,0.9143922847987858,1038,56,23,0.9143922847987858
0.85,9.633911368015415,0.3964336889106975,2.7627437468953695,0.8859010391986186,1038,56,23,0.9143922847987858
0.9,6.551059730250482,0.7620594769707663,2.0432985893928475,0.7091815532061332,1038,56,23,0.9143922847987858
0.95,2.9865125240847785,-1.7221294556836382,1.79318118815219,0.3368656537176018,1038,56,23,0.9143922847987858
0.975,1.8304431599229287,-0.6055046400828681,1.4056015251155218,0.6666285423030489,1038,56,23,0.9143922847987858
